"Statistic Label","Year","County","UNIT","VALUE"
"Fatal Collisions","2013","All Counties","Number","179"
"Fatal Collisions","2013","Carlow","Number","1"
"Fatal Collisions","2013","Dublin","Number","18"
"Fatal Collisions","2013","Kildare","Number","13"
"Fatal Collisions","2013","Kilkenny","Number","4"
"Fatal Collisions","2013","Laois","Number","2"
"Fatal Collisions","2013","Longford","Number","2"
"Fatal Collisions","2013","Louth","Number","4"
"Fatal Collisions","2013","Meath","Number","9"
"Fatal Collisions","2013","Offaly","Number","4"
"Fatal Collisions","2013","Westmeath","Number","5"
"Fatal Collisions","2013","Wexford","Number","7"
"Fatal Collisions","2013","Wicklow","Number","6"
"Fatal Collisions","2013","Clare","Number","2"
"Fatal Collisions","2013","Cork","Number","18"
"Fatal Collisions","2013","Kerry","Number","13"
"Fatal Collisions","2013","Limerick","Number","5"
"Fatal Collisions","2013","Tipperary","Number","12"
"Fatal Collisions","2013","Waterford","Number","2"
"Fatal Collisions","2013","Galway","Number","13"
"Fatal Collisions","2013","Leitrim","Number","2"
"Fatal Collisions","2013","Mayo","Number","6"
"Fatal Collisions","2013","Roscommon","Number","4"
"Fatal Collisions","2013","Sligo","Number","4"
"Fatal Collisions","2013","Cavan","Number","3"
"Fatal Collisions","2013","Donegal","Number","12"
"Fatal Collisions","2013","Monaghan","Number","8"
"Fatal Collisions","2014","All Counties","Number","179"
"Fatal Collisions","2014","Carlow","Number","5"
"Fatal Collisions","2014","Dublin","Number","29"
"Fatal Collisions","2014","Kildare","Number","3"
"Fatal Collisions","2014","Kilkenny","Number","3"
"Fatal Collisions","2014","Laois","Number","6"
"Fatal Collisions","2014","Longford","Number","4"
"Fatal Collisions","2014","Louth","Number","5"
"Fatal Collisions","2014","Meath","Number","5"
"Fatal Collisions","2014","Offaly","Number","2"
"Fatal Collisions","2014","Westmeath","Number","3"
"Fatal Collisions","2014","Wexford","Number","4"
"Fatal Collisions","2014","Wicklow","Number","7"
"Fatal Collisions","2014","Clare","Number","4"
"Fatal Collisions","2014","Cork","Number","18"
"Fatal Collisions","2014","Kerry","Number","13"
"Fatal Collisions","2014","Limerick","Number","10"
"Fatal Collisions","2014","Tipperary","Number","12"
"Fatal Collisions","2014","Waterford","Number","5"
"Fatal Collisions","2014","Galway","Number","5"
"Fatal Collisions","2014","Leitrim","Number","1"
"Fatal Collisions","2014","Mayo","Number","11"
"Fatal Collisions","2014","Roscommon","Number","6"
"Fatal Collisions","2014","Sligo","Number","1"
"Fatal Collisions","2014","Cavan","Number","1"
"Fatal Collisions","2014","Donegal","Number","9"
"Fatal Collisions","2014","Monaghan","Number","7"
"Fatal Collisions","2015","All Counties","Number","155"
"Fatal Collisions","2015","Carlow","Number","4"
"Fatal Collisions","2015","Dublin","Number","17"
"Fatal Collisions","2015","Kildare","Number","6"
"Fatal Collisions","2015","Kilkenny","Number","2"
"Fatal Collisions","2015","Laois","Number","2"
"Fatal Collisions","2015","Longford","Number","5"
"Fatal Collisions","2015","Louth","Number","6"
"Fatal Collisions","2015","Meath","Number","8"
"Fatal Collisions","2015","Offaly","Number","4"
"Fatal Collisions","2015","Westmeath","Number","5"
"Fatal Collisions","2015","Wexford","Number","7"
"Fatal Collisions","2015","Wicklow","Number","8"
"Fatal Collisions","2015","Clare","Number","2"
"Fatal Collisions","2015","Cork","Number","14"
"Fatal Collisions","2015","Kerry","Number","8"
"Fatal Collisions","2015","Limerick","Number","4"
"Fatal Collisions","2015","Tipperary","Number","4"
"Fatal Collisions","2015","Waterford","Number","0"
"Fatal Collisions","2015","Galway","Number","12"
"Fatal Collisions","2015","Leitrim","Number","3"
"Fatal Collisions","2015","Mayo","Number","13"
"Fatal Collisions","2015","Roscommon","Number","1"
"Fatal Collisions","2015","Sligo","Number","2"
"Fatal Collisions","2015","Cavan","Number","4"
"Fatal Collisions","2015","Donegal","Number","10"
"Fatal Collisions","2015","Monaghan","Number","4"
"Fatal Collisions","2016","All Counties","Number","174"
"Fatal Collisions","2016","Carlow","Number","0"
"Fatal Collisions","2016","Dublin","Number","21"
"Fatal Collisions","2016","Kildare","Number","7"
"Fatal Collisions","2016","Kilkenny","Number","6"
"Fatal Collisions","2016","Laois","Number","3"
"Fatal Collisions","2016","Longford","Number","3"
"Fatal Collisions","2016","Louth","Number","7"
"Fatal Collisions","2016","Meath","Number","12"
"Fatal Collisions","2016","Offaly","Number","4"
"Fatal Collisions","2016","Westmeath","Number","3"
"Fatal Collisions","2016","Wexford","Number","4"
"Fatal Collisions","2016","Wicklow","Number","2"
"Fatal Collisions","2016","Clare","Number","4"
"Fatal Collisions","2016","Cork","Number","20"
"Fatal Collisions","2016","Kerry","Number","7"
"Fatal Collisions","2016","Limerick","Number","15"
"Fatal Collisions","2016","Tipperary","Number","13"
"Fatal Collisions","2016","Waterford","Number","7"
"Fatal Collisions","2016","Galway","Number","9"
"Fatal Collisions","2016","Leitrim","Number","1"
"Fatal Collisions","2016","Mayo","Number","4"
"Fatal Collisions","2016","Roscommon","Number","7"
"Fatal Collisions","2016","Sligo","Number","2"
"Fatal Collisions","2016","Cavan","Number","3"
"Fatal Collisions","2016","Donegal","Number","6"
"Fatal Collisions","2016","Monaghan","Number","4"
"Fatal Collisions","2017","All Counties","Number","141"
"Fatal Collisions","2017","Carlow","Number","3"
"Fatal Collisions","2017","Dublin","Number","24"
"Fatal Collisions","2017","Kildare","Number","6"
"Fatal Collisions","2017","Kilkenny","Number","5"
"Fatal Collisions","2017","Laois","Number","2"
"Fatal Collisions","2017","Longford","Number","2"
"Fatal Collisions","2017","Louth","Number","7"
"Fatal Collisions","2017","Meath","Number","7"
"Fatal Collisions","2017","Offaly","Number","2"
"Fatal Collisions","2017","Westmeath","Number","1"
"Fatal Collisions","2017","Wexford","Number","3"
"Fatal Collisions","2017","Wicklow","Number","2"
"Fatal Collisions","2017","Clare","Number","4"
"Fatal Collisions","2017","Cork","Number","13"
"Fatal Collisions","2017","Kerry","Number","7"
"Fatal Collisions","2017","Limerick","Number","6"
"Fatal Collisions","2017","Tipperary","Number","8"
"Fatal Collisions","2017","Waterford","Number","4"
"Fatal Collisions","2017","Galway","Number","5"
"Fatal Collisions","2017","Leitrim","Number","1"
"Fatal Collisions","2017","Mayo","Number","8"
"Fatal Collisions","2017","Roscommon","Number","4"
"Fatal Collisions","2017","Sligo","Number","2"
"Fatal Collisions","2017","Cavan","Number","2"
"Fatal Collisions","2017","Donegal","Number","5"
"Fatal Collisions","2017","Monaghan","Number","8"
"Fatal Collisions","2018","All Counties","Number","132"
"Fatal Collisions","2018","Carlow","Number","2"
"Fatal Collisions","2018","Dublin","Number","14"
"Fatal Collisions","2018","Kildare","Number","4"
"Fatal Collisions","2018","Kilkenny","Number","2"
"Fatal Collisions","2018","Laois","Number","5"
"Fatal Collisions","2018","Longford","Number","3"
"Fatal Collisions","2018","Louth","Number","6"
"Fatal Collisions","2018","Meath","Number","7"
"Fatal Collisions","2018","Offaly","Number","2"
"Fatal Collisions","2018","Westmeath","Number","5"
"Fatal Collisions","2018","Wexford","Number","3"
"Fatal Collisions","2018","Wicklow","Number","5"
"Fatal Collisions","2018","Clare","Number","5"
"Fatal Collisions","2018","Cork","Number","15"
"Fatal Collisions","2018","Kerry","Number","2"
"Fatal Collisions","2018","Limerick","Number","8"
"Fatal Collisions","2018","Tipperary","Number","9"
"Fatal Collisions","2018","Waterford","Number","3"
"Fatal Collisions","2018","Galway","Number","6"
"Fatal Collisions","2018","Leitrim","Number","1"
"Fatal Collisions","2018","Mayo","Number","8"
"Fatal Collisions","2018","Roscommon","Number","2"
"Fatal Collisions","2018","Sligo","Number","1"
"Fatal Collisions","2018","Cavan","Number","3"
"Fatal Collisions","2018","Donegal","Number","9"
"Fatal Collisions","2018","Monaghan","Number","2"
"Fatal Collisions","2019","All Counties","Number","129"
"Fatal Collisions","2019","Carlow","Number","2"
"Fatal Collisions","2019","Dublin","Number","17"
"Fatal Collisions","2019","Kildare","Number","4"
"Fatal Collisions","2019","Kilkenny","Number","6"
"Fatal Collisions","2019","Laois","Number","1"
"Fatal Collisions","2019","Longford","Number","1"
"Fatal Collisions","2019","Louth","Number","3"
"Fatal Collisions","2019","Meath","Number","7"
"Fatal Collisions","2019","Offaly","Number","4"
"Fatal Collisions","2019","Westmeath","Number","3"
"Fatal Collisions","2019","Wexford","Number","7"
"Fatal Collisions","2019","Wicklow","Number","3"
"Fatal Collisions","2019","Clare","Number","4"
"Fatal Collisions","2019","Cork","Number","14"
"Fatal Collisions","2019","Kerry","Number","6"
"Fatal Collisions","2019","Limerick","Number","7"
"Fatal Collisions","2019","Tipperary","Number","13"
"Fatal Collisions","2019","Waterford","Number","3"
"Fatal Collisions","2019","Galway","Number","7"
"Fatal Collisions","2019","Leitrim","Number","1"
"Fatal Collisions","2019","Mayo","Number","3"
"Fatal Collisions","2019","Roscommon","Number","3"
"Fatal Collisions","2019","Sligo","Number","1"
"Fatal Collisions","2019","Cavan","Number","3"
"Fatal Collisions","2019","Donegal","Number","5"
"Fatal Collisions","2019","Monaghan","Number","1"
"Fatal Collisions","2020","All Counties","Number","136"
"Fatal Collisions","2020","Carlow","Number","3"
"Fatal Collisions","2020","Dublin","Number","21"
"Fatal Collisions","2020","Kildare","Number","4"
"Fatal Collisions","2020","Kilkenny","Number","5"
"Fatal Collisions","2020","Laois","Number","0"
"Fatal Collisions","2020","Longford","Number","0"
"Fatal Collisions","2020","Louth","Number","7"
"Fatal Collisions","2020","Meath","Number","7"
"Fatal Collisions","2020","Offaly","Number","4"
"Fatal Collisions","2020","Westmeath","Number","4"
"Fatal Collisions","2020","Wexford","Number","7"
"Fatal Collisions","2020","Wicklow","Number","1"
"Fatal Collisions","2020","Clare","Number","3"
"Fatal Collisions","2020","Cork","Number","21"
"Fatal Collisions","2020","Kerry","Number","8"
"Fatal Collisions","2020","Limerick","Number","4"
"Fatal Collisions","2020","Tipperary","Number","7"
"Fatal Collisions","2020","Waterford","Number","2"
"Fatal Collisions","2020","Galway","Number","5"
"Fatal Collisions","2020","Leitrim","Number","1"
"Fatal Collisions","2020","Mayo","Number","5"
"Fatal Collisions","2020","Roscommon","Number","5"
"Fatal Collisions","2020","Sligo","Number","2"
"Fatal Collisions","2020","Cavan","Number","1"
"Fatal Collisions","2020","Donegal","Number","7"
"Fatal Collisions","2020","Monaghan","Number","2"
"Fatal Collisions","2021","All Counties","Number","124"
"Fatal Collisions","2021","Carlow","Number","0"
"Fatal Collisions","2021","Dublin","Number","19"
"Fatal Collisions","2021","Kildare","Number","7"
"Fatal Collisions","2021","Kilkenny","Number","2"
"Fatal Collisions","2021","Laois","Number","2"
"Fatal Collisions","2021","Longford","Number","3"
"Fatal Collisions","2021","Louth","Number","6"
"Fatal Collisions","2021","Meath","Number","11"
"Fatal Collisions","2021","Offaly","Number","0"
"Fatal Collisions","2021","Westmeath","Number","2"
"Fatal Collisions","2021","Wexford","Number","6"
"Fatal Collisions","2021","Wicklow","Number","1"
"Fatal Collisions","2021","Clare","Number","2"
"Fatal Collisions","2021","Cork","Number","7"
"Fatal Collisions","2021","Kerry","Number","6"
"Fatal Collisions","2021","Limerick","Number","5"
"Fatal Collisions","2021","Tipperary","Number","10"
"Fatal Collisions","2021","Waterford","Number","1"
"Fatal Collisions","2021","Galway","Number","9"
"Fatal Collisions","2021","Leitrim","Number","0"
"Fatal Collisions","2021","Mayo","Number","5"
"Fatal Collisions","2021","Roscommon","Number","2"
"Fatal Collisions","2021","Sligo","Number","1"
"Fatal Collisions","2021","Cavan","Number","5"
"Fatal Collisions","2021","Donegal","Number","7"
"Fatal Collisions","2021","Monaghan","Number","5"
"Fatal Collisions","2022","All Counties","Number","147"
"Fatal Collisions","2022","Carlow","Number","0"
"Fatal Collisions","2022","Dublin","Number","12"
"Fatal Collisions","2022","Kildare","Number","4"
"Fatal Collisions","2022","Kilkenny","Number","9"
"Fatal Collisions","2022","Laois","Number","3"
"Fatal Collisions","2022","Longford","Number","2"
"Fatal Collisions","2022","Louth","Number","8"
"Fatal Collisions","2022","Meath","Number","7"
"Fatal Collisions","2022","Offaly","Number","4"
"Fatal Collisions","2022","Westmeath","Number","3"
"Fatal Collisions","2022","Wexford","Number","9"
"Fatal Collisions","2022","Wicklow","Number","2"
"Fatal Collisions","2022","Clare","Number","7"
"Fatal Collisions","2022","Cork","Number","12"
"Fatal Collisions","2022","Kerry","Number","7"
"Fatal Collisions","2022","Limerick","Number","9"
"Fatal Collisions","2022","Tipperary","Number","7"
"Fatal Collisions","2022","Waterford","Number","3"
"Fatal Collisions","2022","Galway","Number","6"
"Fatal Collisions","2022","Leitrim","Number","2"
"Fatal Collisions","2022","Mayo","Number","5"
"Fatal Collisions","2022","Roscommon","Number","3"
"Fatal Collisions","2022","Sligo","Number","5"
"Fatal Collisions","2022","Cavan","Number","5"
"Fatal Collisions","2022","Donegal","Number","8"
"Fatal Collisions","2022","Monaghan","Number","5"
"Injury Collisions","2013","All Counties","Number","4797"
"Injury Collisions","2013","Carlow","Number","59"
"Injury Collisions","2013","Dublin","Number","1138"
"Injury Collisions","2013","Kildare","Number","214"
"Injury Collisions","2013","Kilkenny","Number","84"
"Injury Collisions","2013","Laois","Number","80"
"Injury Collisions","2013","Longford","Number","47"
"Injury Collisions","2013","Louth","Number","193"
"Injury Collisions","2013","Meath","Number","158"
"Injury Collisions","2013","Offaly","Number","93"
"Injury Collisions","2013","Westmeath","Number","65"
"Injury Collisions","2013","Wexford","Number","132"
"Injury Collisions","2013","Wicklow","Number","134"
"Injury Collisions","2013","Clare","Number","113"
"Injury Collisions","2013","Cork","Number","526"
"Injury Collisions","2013","Kerry","Number","161"
"Injury Collisions","2013","Limerick","Number","282"
"Injury Collisions","2013","Tipperary","Number","168"
"Injury Collisions","2013","Waterford","Number","129"
"Injury Collisions","2013","Galway","Number","301"
"Injury Collisions","2013","Leitrim","Number","32"
"Injury Collisions","2013","Mayo","Number","144"
"Injury Collisions","2013","Roscommon","Number","75"
"Injury Collisions","2013","Sligo","Number","86"
"Injury Collisions","2013","Cavan","Number","95"
"Injury Collisions","2013","Donegal","Number","220"
"Injury Collisions","2013","Monaghan","Number","68"
"Injury Collisions","2014","All Counties","Number","5618"
"Injury Collisions","2014","Carlow","Number","64"
"Injury Collisions","2014","Dublin","Number","1708"
"Injury Collisions","2014","Kildare","Number","223"
"Injury Collisions","2014","Kilkenny","Number","95"
"Injury Collisions","2014","Laois","Number","85"
"Injury Collisions","2014","Longford","Number","59"
"Injury Collisions","2014","Louth","Number","198"
"Injury Collisions","2014","Meath","Number","215"
"Injury Collisions","2014","Offaly","Number","63"
"Injury Collisions","2014","Westmeath","Number","105"
"Injury Collisions","2014","Wexford","Number","158"
"Injury Collisions","2014","Wicklow","Number","155"
"Injury Collisions","2014","Clare","Number","115"
"Injury Collisions","2014","Cork","Number","569"
"Injury Collisions","2014","Kerry","Number","217"
"Injury Collisions","2014","Limerick","Number","281"
"Injury Collisions","2014","Tipperary","Number","181"
"Injury Collisions","2014","Waterford","Number","121"
"Injury Collisions","2014","Galway","Number","316"
"Injury Collisions","2014","Leitrim","Number","37"
"Injury Collisions","2014","Mayo","Number","133"
"Injury Collisions","2014","Roscommon","Number","72"
"Injury Collisions","2014","Sligo","Number","67"
"Injury Collisions","2014","Cavan","Number","107"
"Injury Collisions","2014","Donegal","Number","200"
"Injury Collisions","2014","Monaghan","Number","74"
"Injury Collisions","2015","All Counties","Number","5676"
"Injury Collisions","2015","Carlow","Number","61"
"Injury Collisions","2015","Dublin","Number","1736"
"Injury Collisions","2015","Kildare","Number","223"
"Injury Collisions","2015","Kilkenny","Number","129"
"Injury Collisions","2015","Laois","Number","74"
"Injury Collisions","2015","Longford","Number","70"
"Injury Collisions","2015","Louth","Number","161"
"Injury Collisions","2015","Meath","Number","212"
"Injury Collisions","2015","Offaly","Number","68"
"Injury Collisions","2015","Westmeath","Number","106"
"Injury Collisions","2015","Wexford","Number","177"
"Injury Collisions","2015","Wicklow","Number","155"
"Injury Collisions","2015","Clare","Number","102"
"Injury Collisions","2015","Cork","Number","539"
"Injury Collisions","2015","Kerry","Number","205"
"Injury Collisions","2015","Limerick","Number","263"
"Injury Collisions","2015","Tipperary","Number","173"
"Injury Collisions","2015","Waterford","Number","160"
"Injury Collisions","2015","Galway","Number","324"
"Injury Collisions","2015","Leitrim","Number","51"
"Injury Collisions","2015","Mayo","Number","144"
"Injury Collisions","2015","Roscommon","Number","78"
"Injury Collisions","2015","Sligo","Number","69"
"Injury Collisions","2015","Cavan","Number","109"
"Injury Collisions","2015","Donegal","Number","190"
"Injury Collisions","2015","Monaghan","Number","97"
"Injury Collisions","2016","All Counties","Number","5717"
"Injury Collisions","2016","Carlow","Number","52"
"Injury Collisions","2016","Dublin","Number","1859"
"Injury Collisions","2016","Kildare","Number","263"
"Injury Collisions","2016","Kilkenny","Number","115"
"Injury Collisions","2016","Laois","Number","87"
"Injury Collisions","2016","Longford","Number","67"
"Injury Collisions","2016","Louth","Number","159"
"Injury Collisions","2016","Meath","Number","204"
"Injury Collisions","2016","Offaly","Number","80"
"Injury Collisions","2016","Westmeath","Number","111"
"Injury Collisions","2016","Wexford","Number","150"
"Injury Collisions","2016","Wicklow","Number","144"
"Injury Collisions","2016","Clare","Number","108"
"Injury Collisions","2016","Cork","Number","523"
"Injury Collisions","2016","Kerry","Number","195"
"Injury Collisions","2016","Limerick","Number","263"
"Injury Collisions","2016","Tipperary","Number","159"
"Injury Collisions","2016","Waterford","Number","128"
"Injury Collisions","2016","Galway","Number","279"
"Injury Collisions","2016","Leitrim","Number","64"
"Injury Collisions","2016","Mayo","Number","134"
"Injury Collisions","2016","Roscommon","Number","92"
"Injury Collisions","2016","Sligo","Number","74"
"Injury Collisions","2016","Cavan","Number","112"
"Injury Collisions","2016","Donegal","Number","213"
"Injury Collisions","2016","Monaghan","Number","82"
"Injury Collisions","2017","All Counties","Number","5900"
"Injury Collisions","2017","Carlow","Number","55"
"Injury Collisions","2017","Dublin","Number","1939"
"Injury Collisions","2017","Kildare","Number","244"
"Injury Collisions","2017","Kilkenny","Number","92"
"Injury Collisions","2017","Laois","Number","111"
"Injury Collisions","2017","Longford","Number","56"
"Injury Collisions","2017","Louth","Number","205"
"Injury Collisions","2017","Meath","Number","189"
"Injury Collisions","2017","Offaly","Number","108"
"Injury Collisions","2017","Westmeath","Number","108"
"Injury Collisions","2017","Wexford","Number","177"
"Injury Collisions","2017","Wicklow","Number","155"
"Injury Collisions","2017","Clare","Number","125"
"Injury Collisions","2017","Cork","Number","592"
"Injury Collisions","2017","Kerry","Number","193"
"Injury Collisions","2017","Limerick","Number","260"
"Injury Collisions","2017","Tipperary","Number","163"
"Injury Collisions","2017","Waterford","Number","127"
"Injury Collisions","2017","Galway","Number","275"
"Injury Collisions","2017","Leitrim","Number","42"
"Injury Collisions","2017","Mayo","Number","138"
"Injury Collisions","2017","Roscommon","Number","85"
"Injury Collisions","2017","Sligo","Number","76"
"Injury Collisions","2017","Cavan","Number","105"
"Injury Collisions","2017","Donegal","Number","218"
"Injury Collisions","2017","Monaghan","Number","62"
"Injury Collisions","2018","All Counties","Number","5968"
"Injury Collisions","2018","Carlow","Number","43"
"Injury Collisions","2018","Dublin","Number","1976"
"Injury Collisions","2018","Kildare","Number","284"
"Injury Collisions","2018","Kilkenny","Number","90"
"Injury Collisions","2018","Laois","Number","104"
"Injury Collisions","2018","Longford","Number","59"
"Injury Collisions","2018","Louth","Number","164"
"Injury Collisions","2018","Meath","Number","183"
"Injury Collisions","2018","Offaly","Number","96"
"Injury Collisions","2018","Westmeath","Number","86"
"Injury Collisions","2018","Wexford","Number","155"
"Injury Collisions","2018","Wicklow","Number","126"
"Injury Collisions","2018","Clare","Number","105"
"Injury Collisions","2018","Cork","Number","666"
"Injury Collisions","2018","Kerry","Number","220"
"Injury Collisions","2018","Limerick","Number","268"
"Injury Collisions","2018","Tipperary","Number","177"
"Injury Collisions","2018","Waterford","Number","153"
"Injury Collisions","2018","Galway","Number","291"
"Injury Collisions","2018","Leitrim","Number","37"
"Injury Collisions","2018","Mayo","Number","143"
"Injury Collisions","2018","Roscommon","Number","73"
"Injury Collisions","2018","Sligo","Number","75"
"Injury Collisions","2018","Cavan","Number","101"
"Injury Collisions","2018","Donegal","Number","226"
"Injury Collisions","2018","Monaghan","Number","67"
"Injury Collisions","2019","All Counties","Number","5698"
"Injury Collisions","2019","Carlow","Number","63"
"Injury Collisions","2019","Dublin","Number","1985"
"Injury Collisions","2019","Kildare","Number","237"
"Injury Collisions","2019","Kilkenny","Number","71"
"Injury Collisions","2019","Laois","Number","77"
"Injury Collisions","2019","Longford","Number","60"
"Injury Collisions","2019","Louth","Number","178"
"Injury Collisions","2019","Meath","Number","178"
"Injury Collisions","2019","Offaly","Number","83"
"Injury Collisions","2019","Westmeath","Number","101"
"Injury Collisions","2019","Wexford","Number","164"
"Injury Collisions","2019","Wicklow","Number","145"
"Injury Collisions","2019","Clare","Number","111"
"Injury Collisions","2019","Cork","Number","569"
"Injury Collisions","2019","Kerry","Number","172"
"Injury Collisions","2019","Limerick","Number","259"
"Injury Collisions","2019","Tipperary","Number","155"
"Injury Collisions","2019","Waterford","Number","165"
"Injury Collisions","2019","Galway","Number","288"
"Injury Collisions","2019","Leitrim","Number","32"
"Injury Collisions","2019","Mayo","Number","137"
"Injury Collisions","2019","Roscommon","Number","57"
"Injury Collisions","2019","Sligo","Number","68"
"Injury Collisions","2019","Cavan","Number","92"
"Injury Collisions","2019","Donegal","Number","180"
"Injury Collisions","2019","Monaghan","Number","71"
"Injury Collisions","2020","All Counties","Number","4293"
"Injury Collisions","2020","Carlow","Number","46"
"Injury Collisions","2020","Dublin","Number","1386"
"Injury Collisions","2020","Kildare","Number","168"
"Injury Collisions","2020","Kilkenny","Number","62"
"Injury Collisions","2020","Laois","Number","75"
"Injury Collisions","2020","Longford","Number","48"
"Injury Collisions","2020","Louth","Number","133"
"Injury Collisions","2020","Meath","Number","160"
"Injury Collisions","2020","Offaly","Number","60"
"Injury Collisions","2020","Westmeath","Number","77"
"Injury Collisions","2020","Wexford","Number","143"
"Injury Collisions","2020","Wicklow","Number","101"
"Injury Collisions","2020","Clare","Number","89"
"Injury Collisions","2020","Cork","Number","437"
"Injury Collisions","2020","Kerry","Number","126"
"Injury Collisions","2020","Limerick","Number","192"
"Injury Collisions","2020","Tipperary","Number","125"
"Injury Collisions","2020","Waterford","Number","104"
"Injury Collisions","2020","Galway","Number","229"
"Injury Collisions","2020","Leitrim","Number","32"
"Injury Collisions","2020","Mayo","Number","95"
"Injury Collisions","2020","Roscommon","Number","53"
"Injury Collisions","2020","Sligo","Number","61"
"Injury Collisions","2020","Cavan","Number","85"
"Injury Collisions","2020","Donegal","Number","146"
"Injury Collisions","2020","Monaghan","Number","60"
"Injury Collisions","2021","All Counties","Number","4789"
"Injury Collisions","2021","Carlow","Number","62"
"Injury Collisions","2021","Dublin","Number","1491"
"Injury Collisions","2021","Kildare","Number","214"
"Injury Collisions","2021","Kilkenny","Number","88"
"Injury Collisions","2021","Laois","Number","70"
"Injury Collisions","2021","Longford","Number","43"
"Injury Collisions","2021","Louth","Number","169"
"Injury Collisions","2021","Meath","Number","192"
"Injury Collisions","2021","Offaly","Number","82"
"Injury Collisions","2021","Westmeath","Number","89"
"Injury Collisions","2021","Wexford","Number","142"
"Injury Collisions","2021","Wicklow","Number","131"
"Injury Collisions","2021","Clare","Number","95"
"Injury Collisions","2021","Cork","Number","467"
"Injury Collisions","2021","Kerry","Number","164"
"Injury Collisions","2021","Limerick","Number","196"
"Injury Collisions","2021","Tipperary","Number","135"
"Injury Collisions","2021","Waterford","Number","139"
"Injury Collisions","2021","Galway","Number","241"
"Injury Collisions","2021","Leitrim","Number","21"
"Injury Collisions","2021","Mayo","Number","115"
"Injury Collisions","2021","Roscommon","Number","52"
"Injury Collisions","2021","Sligo","Number","59"
"Injury Collisions","2021","Cavan","Number","100"
"Injury Collisions","2021","Donegal","Number","162"
"Injury Collisions","2021","Monaghan","Number","70"
"Injury Collisions","2022","All Counties","Number","5568"
"Injury Collisions","2022","Carlow","Number","80"
"Injury Collisions","2022","Dublin","Number","1698"
"Injury Collisions","2022","Kildare","Number","243"
"Injury Collisions","2022","Kilkenny","Number","94"
"Injury Collisions","2022","Laois","Number","88"
"Injury Collisions","2022","Longford","Number","66"
"Injury Collisions","2022","Louth","Number","192"
"Injury Collisions","2022","Meath","Number","222"
"Injury Collisions","2022","Offaly","Number","87"
"Injury Collisions","2022","Westmeath","Number","80"
"Injury Collisions","2022","Wexford","Number","168"
"Injury Collisions","2022","Wicklow","Number","112"
"Injury Collisions","2022","Clare","Number","107"
"Injury Collisions","2022","Cork","Number","591"
"Injury Collisions","2022","Kerry","Number","178"
"Injury Collisions","2022","Limerick","Number","265"
"Injury Collisions","2022","Tipperary","Number","169"
"Injury Collisions","2022","Waterford","Number","159"
"Injury Collisions","2022","Galway","Number","278"
"Injury Collisions","2022","Leitrim","Number","32"
"Injury Collisions","2022","Mayo","Number","135"
"Injury Collisions","2022","Roscommon","Number","63"
"Injury Collisions","2022","Sligo","Number","87"
"Injury Collisions","2022","Cavan","Number","90"
"Injury Collisions","2022","Donegal","Number","199"
"Injury Collisions","2022","Monaghan","Number","85"
"All Fatal and Injury Collisions","2013","All Counties","Number","4976"
"All Fatal and Injury Collisions","2013","Carlow","Number","60"
"All Fatal and Injury Collisions","2013","Dublin","Number","1156"
"All Fatal and Injury Collisions","2013","Kildare","Number","227"
"All Fatal and Injury Collisions","2013","Kilkenny","Number","88"
"All Fatal and Injury Collisions","2013","Laois","Number","82"
"All Fatal and Injury Collisions","2013","Longford","Number","49"
"All Fatal and Injury Collisions","2013","Louth","Number","197"
"All Fatal and Injury Collisions","2013","Meath","Number","167"
"All Fatal and Injury Collisions","2013","Offaly","Number","97"
"All Fatal and Injury Collisions","2013","Westmeath","Number","70"
"All Fatal and Injury Collisions","2013","Wexford","Number","139"
"All Fatal and Injury Collisions","2013","Wicklow","Number","140"
"All Fatal and Injury Collisions","2013","Clare","Number","115"
"All Fatal and Injury Collisions","2013","Cork","Number","544"
"All Fatal and Injury Collisions","2013","Kerry","Number","174"
"All Fatal and Injury Collisions","2013","Limerick","Number","287"
"All Fatal and Injury Collisions","2013","Tipperary","Number","180"
"All Fatal and Injury Collisions","2013","Waterford","Number","131"
"All Fatal and Injury Collisions","2013","Galway","Number","314"
"All Fatal and Injury Collisions","2013","Leitrim","Number","34"
"All Fatal and Injury Collisions","2013","Mayo","Number","150"
"All Fatal and Injury Collisions","2013","Roscommon","Number","79"
"All Fatal and Injury Collisions","2013","Sligo","Number","90"
"All Fatal and Injury Collisions","2013","Cavan","Number","98"
"All Fatal and Injury Collisions","2013","Donegal","Number","232"
"All Fatal and Injury Collisions","2013","Monaghan","Number","76"
"All Fatal and Injury Collisions","2014","All Counties","Number","5797"
"All Fatal and Injury Collisions","2014","Carlow","Number","69"
"All Fatal and Injury Collisions","2014","Dublin","Number","1737"
"All Fatal and Injury Collisions","2014","Kildare","Number","226"
"All Fatal and Injury Collisions","2014","Kilkenny","Number","98"
"All Fatal and Injury Collisions","2014","Laois","Number","91"
"All Fatal and Injury Collisions","2014","Longford","Number","63"
"All Fatal and Injury Collisions","2014","Louth","Number","203"
"All Fatal and Injury Collisions","2014","Meath","Number","220"
"All Fatal and Injury Collisions","2014","Offaly","Number","65"
"All Fatal and Injury Collisions","2014","Westmeath","Number","108"
"All Fatal and Injury Collisions","2014","Wexford","Number","162"
"All Fatal and Injury Collisions","2014","Wicklow","Number","162"
"All Fatal and Injury Collisions","2014","Clare","Number","119"
"All Fatal and Injury Collisions","2014","Cork","Number","587"
"All Fatal and Injury Collisions","2014","Kerry","Number","230"
"All Fatal and Injury Collisions","2014","Limerick","Number","291"
"All Fatal and Injury Collisions","2014","Tipperary","Number","193"
"All Fatal and Injury Collisions","2014","Waterford","Number","126"
"All Fatal and Injury Collisions","2014","Galway","Number","321"
"All Fatal and Injury Collisions","2014","Leitrim","Number","38"
"All Fatal and Injury Collisions","2014","Mayo","Number","144"
"All Fatal and Injury Collisions","2014","Roscommon","Number","78"
"All Fatal and Injury Collisions","2014","Sligo","Number","68"
"All Fatal and Injury Collisions","2014","Cavan","Number","108"
"All Fatal and Injury Collisions","2014","Donegal","Number","209"
"All Fatal and Injury Collisions","2014","Monaghan","Number","81"
"All Fatal and Injury Collisions","2015","All Counties","Number","5831"
"All Fatal and Injury Collisions","2015","Carlow","Number","65"
"All Fatal and Injury Collisions","2015","Dublin","Number","1753"
"All Fatal and Injury Collisions","2015","Kildare","Number","229"
"All Fatal and Injury Collisions","2015","Kilkenny","Number","131"
"All Fatal and Injury Collisions","2015","Laois","Number","76"
"All Fatal and Injury Collisions","2015","Longford","Number","75"
"All Fatal and Injury Collisions","2015","Louth","Number","167"
"All Fatal and Injury Collisions","2015","Meath","Number","220"
"All Fatal and Injury Collisions","2015","Offaly","Number","72"
"All Fatal and Injury Collisions","2015","Westmeath","Number","111"
"All Fatal and Injury Collisions","2015","Wexford","Number","184"
"All Fatal and Injury Collisions","2015","Wicklow","Number","163"
"All Fatal and Injury Collisions","2015","Clare","Number","104"
"All Fatal and Injury Collisions","2015","Cork","Number","553"
"All Fatal and Injury Collisions","2015","Kerry","Number","213"
"All Fatal and Injury Collisions","2015","Limerick","Number","267"
"All Fatal and Injury Collisions","2015","Tipperary","Number","177"
"All Fatal and Injury Collisions","2015","Waterford","Number","160"
"All Fatal and Injury Collisions","2015","Galway","Number","336"
"All Fatal and Injury Collisions","2015","Leitrim","Number","54"
"All Fatal and Injury Collisions","2015","Mayo","Number","157"
"All Fatal and Injury Collisions","2015","Roscommon","Number","79"
"All Fatal and Injury Collisions","2015","Sligo","Number","71"
"All Fatal and Injury Collisions","2015","Cavan","Number","113"
"All Fatal and Injury Collisions","2015","Donegal","Number","200"
"All Fatal and Injury Collisions","2015","Monaghan","Number","101"
"All Fatal and Injury Collisions","2016","All Counties","Number","5891"
"All Fatal and Injury Collisions","2016","Carlow","Number","52"
"All Fatal and Injury Collisions","2016","Dublin","Number","1880"
"All Fatal and Injury Collisions","2016","Kildare","Number","270"
"All Fatal and Injury Collisions","2016","Kilkenny","Number","121"
"All Fatal and Injury Collisions","2016","Laois","Number","90"
"All Fatal and Injury Collisions","2016","Longford","Number","70"
"All Fatal and Injury Collisions","2016","Louth","Number","166"
"All Fatal and Injury Collisions","2016","Meath","Number","216"
"All Fatal and Injury Collisions","2016","Offaly","Number","84"
"All Fatal and Injury Collisions","2016","Westmeath","Number","114"
"All Fatal and Injury Collisions","2016","Wexford","Number","154"
"All Fatal and Injury Collisions","2016","Wicklow","Number","146"
"All Fatal and Injury Collisions","2016","Clare","Number","112"
"All Fatal and Injury Collisions","2016","Cork","Number","543"
"All Fatal and Injury Collisions","2016","Kerry","Number","202"
"All Fatal and Injury Collisions","2016","Limerick","Number","278"
"All Fatal and Injury Collisions","2016","Tipperary","Number","172"
"All Fatal and Injury Collisions","2016","Waterford","Number","135"
"All Fatal and Injury Collisions","2016","Galway","Number","288"
"All Fatal and Injury Collisions","2016","Leitrim","Number","65"
"All Fatal and Injury Collisions","2016","Mayo","Number","138"
"All Fatal and Injury Collisions","2016","Roscommon","Number","99"
"All Fatal and Injury Collisions","2016","Sligo","Number","76"
"All Fatal and Injury Collisions","2016","Cavan","Number","115"
"All Fatal and Injury Collisions","2016","Donegal","Number","219"
"All Fatal and Injury Collisions","2016","Monaghan","Number","86"
"All Fatal and Injury Collisions","2017","All Counties","Number","6041"
"All Fatal and Injury Collisions","2017","Carlow","Number","58"
"All Fatal and Injury Collisions","2017","Dublin","Number","1963"
"All Fatal and Injury Collisions","2017","Kildare","Number","250"
"All Fatal and Injury Collisions","2017","Kilkenny","Number","97"
"All Fatal and Injury Collisions","2017","Laois","Number","113"
"All Fatal and Injury Collisions","2017","Longford","Number","58"
"All Fatal and Injury Collisions","2017","Louth","Number","212"
"All Fatal and Injury Collisions","2017","Meath","Number","196"
"All Fatal and Injury Collisions","2017","Offaly","Number","110"
"All Fatal and Injury Collisions","2017","Westmeath","Number","109"
"All Fatal and Injury Collisions","2017","Wexford","Number","180"
"All Fatal and Injury Collisions","2017","Wicklow","Number","157"
"All Fatal and Injury Collisions","2017","Clare","Number","129"
"All Fatal and Injury Collisions","2017","Cork","Number","605"
"All Fatal and Injury Collisions","2017","Kerry","Number","200"
"All Fatal and Injury Collisions","2017","Limerick","Number","266"
"All Fatal and Injury Collisions","2017","Tipperary","Number","171"
"All Fatal and Injury Collisions","2017","Waterford","Number","131"
"All Fatal and Injury Collisions","2017","Galway","Number","280"
"All Fatal and Injury Collisions","2017","Leitrim","Number","43"
"All Fatal and Injury Collisions","2017","Mayo","Number","146"
"All Fatal and Injury Collisions","2017","Roscommon","Number","89"
"All Fatal and Injury Collisions","2017","Sligo","Number","78"
"All Fatal and Injury Collisions","2017","Cavan","Number","107"
"All Fatal and Injury Collisions","2017","Donegal","Number","223"
"All Fatal and Injury Collisions","2017","Monaghan","Number","70"
"All Fatal and Injury Collisions","2018","All Counties","Number","6100"
"All Fatal and Injury Collisions","2018","Carlow","Number","45"
"All Fatal and Injury Collisions","2018","Dublin","Number","1990"
"All Fatal and Injury Collisions","2018","Kildare","Number","288"
"All Fatal and Injury Collisions","2018","Kilkenny","Number","92"
"All Fatal and Injury Collisions","2018","Laois","Number","109"
"All Fatal and Injury Collisions","2018","Longford","Number","62"
"All Fatal and Injury Collisions","2018","Louth","Number","170"
"All Fatal and Injury Collisions","2018","Meath","Number","190"
"All Fatal and Injury Collisions","2018","Offaly","Number","98"
"All Fatal and Injury Collisions","2018","Westmeath","Number","91"
"All Fatal and Injury Collisions","2018","Wexford","Number","158"
"All Fatal and Injury Collisions","2018","Wicklow","Number","131"
"All Fatal and Injury Collisions","2018","Clare","Number","110"
"All Fatal and Injury Collisions","2018","Cork","Number","681"
"All Fatal and Injury Collisions","2018","Kerry","Number","222"
"All Fatal and Injury Collisions","2018","Limerick","Number","276"
"All Fatal and Injury Collisions","2018","Tipperary","Number","186"
"All Fatal and Injury Collisions","2018","Waterford","Number","156"
"All Fatal and Injury Collisions","2018","Galway","Number","297"
"All Fatal and Injury Collisions","2018","Leitrim","Number","38"
"All Fatal and Injury Collisions","2018","Mayo","Number","151"
"All Fatal and Injury Collisions","2018","Roscommon","Number","75"
"All Fatal and Injury Collisions","2018","Sligo","Number","76"
"All Fatal and Injury Collisions","2018","Cavan","Number","104"
"All Fatal and Injury Collisions","2018","Donegal","Number","235"
"All Fatal and Injury Collisions","2018","Monaghan","Number","69"
"All Fatal and Injury Collisions","2019","All Counties","Number","5827"
"All Fatal and Injury Collisions","2019","Carlow","Number","65"
"All Fatal and Injury Collisions","2019","Dublin","Number","2002"
"All Fatal and Injury Collisions","2019","Kildare","Number","241"
"All Fatal and Injury Collisions","2019","Kilkenny","Number","77"
"All Fatal and Injury Collisions","2019","Laois","Number","78"
"All Fatal and Injury Collisions","2019","Longford","Number","61"
"All Fatal and Injury Collisions","2019","Louth","Number","181"
"All Fatal and Injury Collisions","2019","Meath","Number","185"
"All Fatal and Injury Collisions","2019","Offaly","Number","87"
"All Fatal and Injury Collisions","2019","Westmeath","Number","104"
"All Fatal and Injury Collisions","2019","Wexford","Number","171"
"All Fatal and Injury Collisions","2019","Wicklow","Number","148"
"All Fatal and Injury Collisions","2019","Clare","Number","115"
"All Fatal and Injury Collisions","2019","Cork","Number","583"
"All Fatal and Injury Collisions","2019","Kerry","Number","178"
"All Fatal and Injury Collisions","2019","Limerick","Number","266"
"All Fatal and Injury Collisions","2019","Tipperary","Number","168"
"All Fatal and Injury Collisions","2019","Waterford","Number","168"
"All Fatal and Injury Collisions","2019","Galway","Number","295"
"All Fatal and Injury Collisions","2019","Leitrim","Number","33"
"All Fatal and Injury Collisions","2019","Mayo","Number","140"
"All Fatal and Injury Collisions","2019","Roscommon","Number","60"
"All Fatal and Injury Collisions","2019","Sligo","Number","69"
"All Fatal and Injury Collisions","2019","Cavan","Number","95"
"All Fatal and Injury Collisions","2019","Donegal","Number","185"
"All Fatal and Injury Collisions","2019","Monaghan","Number","72"
"All Fatal and Injury Collisions","2020","All Counties","Number","4429"
"All Fatal and Injury Collisions","2020","Carlow","Number","49"
"All Fatal and Injury Collisions","2020","Dublin","Number","1407"
"All Fatal and Injury Collisions","2020","Kildare","Number","172"
"All Fatal and Injury Collisions","2020","Kilkenny","Number","67"
"All Fatal and Injury Collisions","2020","Laois","Number","75"
"All Fatal and Injury Collisions","2020","Longford","Number","48"
"All Fatal and Injury Collisions","2020","Louth","Number","140"
"All Fatal and Injury Collisions","2020","Meath","Number","167"
"All Fatal and Injury Collisions","2020","Offaly","Number","64"
"All Fatal and Injury Collisions","2020","Westmeath","Number","81"
"All Fatal and Injury Collisions","2020","Wexford","Number","150"
"All Fatal and Injury Collisions","2020","Wicklow","Number","102"
"All Fatal and Injury Collisions","2020","Clare","Number","92"
"All Fatal and Injury Collisions","2020","Cork","Number","458"
"All Fatal and Injury Collisions","2020","Kerry","Number","134"
"All Fatal and Injury Collisions","2020","Limerick","Number","196"
"All Fatal and Injury Collisions","2020","Tipperary","Number","132"
"All Fatal and Injury Collisions","2020","Waterford","Number","106"
"All Fatal and Injury Collisions","2020","Galway","Number","234"
"All Fatal and Injury Collisions","2020","Leitrim","Number","33"
"All Fatal and Injury Collisions","2020","Mayo","Number","100"
"All Fatal and Injury Collisions","2020","Roscommon","Number","58"
"All Fatal and Injury Collisions","2020","Sligo","Number","63"
"All Fatal and Injury Collisions","2020","Cavan","Number","86"
"All Fatal and Injury Collisions","2020","Donegal","Number","153"
"All Fatal and Injury Collisions","2020","Monaghan","Number","62"
"All Fatal and Injury Collisions","2021","All Counties","Number","4913"
"All Fatal and Injury Collisions","2021","Carlow","Number","62"
"All Fatal and Injury Collisions","2021","Dublin","Number","1510"
"All Fatal and Injury Collisions","2021","Kildare","Number","221"
"All Fatal and Injury Collisions","2021","Kilkenny","Number","90"
"All Fatal and Injury Collisions","2021","Laois","Number","72"
"All Fatal and Injury Collisions","2021","Longford","Number","46"
"All Fatal and Injury Collisions","2021","Louth","Number","175"
"All Fatal and Injury Collisions","2021","Meath","Number","203"
"All Fatal and Injury Collisions","2021","Offaly","Number","82"
"All Fatal and Injury Collisions","2021","Westmeath","Number","91"
"All Fatal and Injury Collisions","2021","Wexford","Number","148"
"All Fatal and Injury Collisions","2021","Wicklow","Number","132"
"All Fatal and Injury Collisions","2021","Clare","Number","97"
"All Fatal and Injury Collisions","2021","Cork","Number","474"
"All Fatal and Injury Collisions","2021","Kerry","Number","170"
"All Fatal and Injury Collisions","2021","Limerick","Number","201"
"All Fatal and Injury Collisions","2021","Tipperary","Number","145"
"All Fatal and Injury Collisions","2021","Waterford","Number","140"
"All Fatal and Injury Collisions","2021","Galway","Number","250"
"All Fatal and Injury Collisions","2021","Leitrim","Number","21"
"All Fatal and Injury Collisions","2021","Mayo","Number","120"
"All Fatal and Injury Collisions","2021","Roscommon","Number","54"
"All Fatal and Injury Collisions","2021","Sligo","Number","60"
"All Fatal and Injury Collisions","2021","Cavan","Number","105"
"All Fatal and Injury Collisions","2021","Donegal","Number","169"
"All Fatal and Injury Collisions","2021","Monaghan","Number","75"
"All Fatal and Injury Collisions","2022","All Counties","Number","5715"
"All Fatal and Injury Collisions","2022","Carlow","Number","80"
"All Fatal and Injury Collisions","2022","Dublin","Number","1710"
"All Fatal and Injury Collisions","2022","Kildare","Number","247"
"All Fatal and Injury Collisions","2022","Kilkenny","Number","103"
"All Fatal and Injury Collisions","2022","Laois","Number","91"
"All Fatal and Injury Collisions","2022","Longford","Number","68"
"All Fatal and Injury Collisions","2022","Louth","Number","200"
"All Fatal and Injury Collisions","2022","Meath","Number","229"
"All Fatal and Injury Collisions","2022","Offaly","Number","91"
"All Fatal and Injury Collisions","2022","Westmeath","Number","83"
"All Fatal and Injury Collisions","2022","Wexford","Number","177"
"All Fatal and Injury Collisions","2022","Wicklow","Number","114"
"All Fatal and Injury Collisions","2022","Clare","Number","114"
"All Fatal and Injury Collisions","2022","Cork","Number","603"
"All Fatal and Injury Collisions","2022","Kerry","Number","185"
"All Fatal and Injury Collisions","2022","Limerick","Number","274"
"All Fatal and Injury Collisions","2022","Tipperary","Number","176"
"All Fatal and Injury Collisions","2022","Waterford","Number","162"
"All Fatal and Injury Collisions","2022","Galway","Number","284"
"All Fatal and Injury Collisions","2022","Leitrim","Number","34"
"All Fatal and Injury Collisions","2022","Mayo","Number","140"
"All Fatal and Injury Collisions","2022","Roscommon","Number","66"
"All Fatal and Injury Collisions","2022","Sligo","Number","92"
"All Fatal and Injury Collisions","2022","Cavan","Number","95"
"All Fatal and Injury Collisions","2022","Donegal","Number","207"
"All Fatal and Injury Collisions","2022","Monaghan","Number","90"
"Killed Casualities","2013","All Counties","Number","188"
"Killed Casualities","2013","Carlow","Number","2"
"Killed Casualities","2013","Dublin","Number","19"
"Killed Casualities","2013","Kildare","Number","15"
"Killed Casualities","2013","Kilkenny","Number","4"
"Killed Casualities","2013","Laois","Number","2"
"Killed Casualities","2013","Longford","Number","2"
"Killed Casualities","2013","Louth","Number","4"
"Killed Casualities","2013","Meath","Number","9"
"Killed Casualities","2013","Offaly","Number","5"
"Killed Casualities","2013","Westmeath","Number","5"
"Killed Casualities","2013","Wexford","Number","7"
"Killed Casualities","2013","Wicklow","Number","6"
"Killed Casualities","2013","Clare","Number","2"
"Killed Casualities","2013","Cork","Number","18"
"Killed Casualities","2013","Kerry","Number","14"
"Killed Casualities","2013","Limerick","Number","6"
"Killed Casualities","2013","Tipperary","Number","12"
"Killed Casualities","2013","Waterford","Number","2"
"Killed Casualities","2013","Galway","Number","13"
"Killed Casualities","2013","Leitrim","Number","2"
"Killed Casualities","2013","Mayo","Number","6"
"Killed Casualities","2013","Roscommon","Number","4"
"Killed Casualities","2013","Sligo","Number","5"
"Killed Casualities","2013","Cavan","Number","3"
"Killed Casualities","2013","Donegal","Number","13"
"Killed Casualities","2013","Monaghan","Number","8"
"Killed Casualities","2014","All Counties","Number","193"
"Killed Casualities","2014","Carlow","Number","5"
"Killed Casualities","2014","Dublin","Number","29"
"Killed Casualities","2014","Kildare","Number","4"
"Killed Casualities","2014","Kilkenny","Number","3"
"Killed Casualities","2014","Laois","Number","7"
"Killed Casualities","2014","Longford","Number","4"
"Killed Casualities","2014","Louth","Number","6"
"Killed Casualities","2014","Meath","Number","5"
"Killed Casualities","2014","Offaly","Number","2"
"Killed Casualities","2014","Westmeath","Number","6"
"Killed Casualities","2014","Wexford","Number","4"
"Killed Casualities","2014","Wicklow","Number","7"
"Killed Casualities","2014","Clare","Number","5"
"Killed Casualities","2014","Cork","Number","19"
"Killed Casualities","2014","Kerry","Number","14"
"Killed Casualities","2014","Limerick","Number","10"
"Killed Casualities","2014","Tipperary","Number","14"
"Killed Casualities","2014","Waterford","Number","6"
"Killed Casualities","2014","Galway","Number","5"
"Killed Casualities","2014","Leitrim","Number","1"
"Killed Casualities","2014","Mayo","Number","12"
"Killed Casualities","2014","Roscommon","Number","6"
"Killed Casualities","2014","Sligo","Number","1"
"Killed Casualities","2014","Cavan","Number","1"
"Killed Casualities","2014","Donegal","Number","9"
"Killed Casualities","2014","Monaghan","Number","8"
"Killed Casualities","2015","All Counties","Number","162"
"Killed Casualities","2015","Carlow","Number","4"
"Killed Casualities","2015","Dublin","Number","17"
"Killed Casualities","2015","Kildare","Number","9"
"Killed Casualities","2015","Kilkenny","Number","2"
"Killed Casualities","2015","Laois","Number","4"
"Killed Casualities","2015","Longford","Number","5"
"Killed Casualities","2015","Louth","Number","6"
"Killed Casualities","2015","Meath","Number","8"
"Killed Casualities","2015","Offaly","Number","4"
"Killed Casualities","2015","Westmeath","Number","5"
"Killed Casualities","2015","Wexford","Number","7"
"Killed Casualities","2015","Wicklow","Number","8"
"Killed Casualities","2015","Clare","Number","2"
"Killed Casualities","2015","Cork","Number","15"
"Killed Casualities","2015","Kerry","Number","8"
"Killed Casualities","2015","Limerick","Number","4"
"Killed Casualities","2015","Tipperary","Number","4"
"Killed Casualities","2015","Waterford","Number","0"
"Killed Casualities","2015","Galway","Number","12"
"Killed Casualities","2015","Leitrim","Number","3"
"Killed Casualities","2015","Mayo","Number","13"
"Killed Casualities","2015","Roscommon","Number","1"
"Killed Casualities","2015","Sligo","Number","2"
"Killed Casualities","2015","Cavan","Number","4"
"Killed Casualities","2015","Donegal","Number","11"
"Killed Casualities","2015","Monaghan","Number","4"
"Killed Casualities","2016","All Counties","Number","186"
"Killed Casualities","2016","Carlow","Number","0"
"Killed Casualities","2016","Dublin","Number","21"
"Killed Casualities","2016","Kildare","Number","7"
"Killed Casualities","2016","Kilkenny","Number","6"
"Killed Casualities","2016","Laois","Number","3"
"Killed Casualities","2016","Longford","Number","3"
"Killed Casualities","2016","Louth","Number","7"
"Killed Casualities","2016","Meath","Number","12"
"Killed Casualities","2016","Offaly","Number","4"
"Killed Casualities","2016","Westmeath","Number","4"
"Killed Casualities","2016","Wexford","Number","4"
"Killed Casualities","2016","Wicklow","Number","2"
"Killed Casualities","2016","Clare","Number","4"
"Killed Casualities","2016","Cork","Number","21"
"Killed Casualities","2016","Kerry","Number","7"
"Killed Casualities","2016","Limerick","Number","17"
"Killed Casualities","2016","Tipperary","Number","13"
"Killed Casualities","2016","Waterford","Number","9"
"Killed Casualities","2016","Galway","Number","10"
"Killed Casualities","2016","Leitrim","Number","1"
"Killed Casualities","2016","Mayo","Number","4"
"Killed Casualities","2016","Roscommon","Number","7"
"Killed Casualities","2016","Sligo","Number","2"
"Killed Casualities","2016","Cavan","Number","3"
"Killed Casualities","2016","Donegal","Number","10"
"Killed Casualities","2016","Monaghan","Number","5"
"Killed Casualities","2017","All Counties","Number","156"
"Killed Casualities","2017","Carlow","Number","3"
"Killed Casualities","2017","Dublin","Number","24"
"Killed Casualities","2017","Kildare","Number","6"
"Killed Casualities","2017","Kilkenny","Number","5"
"Killed Casualities","2017","Laois","Number","2"
"Killed Casualities","2017","Longford","Number","2"
"Killed Casualities","2017","Louth","Number","10"
"Killed Casualities","2017","Meath","Number","8"
"Killed Casualities","2017","Offaly","Number","2"
"Killed Casualities","2017","Westmeath","Number","1"
"Killed Casualities","2017","Wexford","Number","7"
"Killed Casualities","2017","Wicklow","Number","2"
"Killed Casualities","2017","Clare","Number","4"
"Killed Casualities","2017","Cork","Number","14"
"Killed Casualities","2017","Kerry","Number","7"
"Killed Casualities","2017","Limerick","Number","7"
"Killed Casualities","2017","Tipperary","Number","8"
"Killed Casualities","2017","Waterford","Number","4"
"Killed Casualities","2017","Galway","Number","5"
"Killed Casualities","2017","Leitrim","Number","1"
"Killed Casualities","2017","Mayo","Number","12"
"Killed Casualities","2017","Roscommon","Number","4"
"Killed Casualities","2017","Sligo","Number","2"
"Killed Casualities","2017","Cavan","Number","2"
"Killed Casualities","2017","Donegal","Number","6"
"Killed Casualities","2017","Monaghan","Number","8"
"Killed Casualities","2018","All Counties","Number","139"
"Killed Casualities","2018","Carlow","Number","2"
"Killed Casualities","2018","Dublin","Number","14"
"Killed Casualities","2018","Kildare","Number","4"
"Killed Casualities","2018","Kilkenny","Number","2"
"Killed Casualities","2018","Laois","Number","5"
"Killed Casualities","2018","Longford","Number","3"
"Killed Casualities","2018","Louth","Number","6"
"Killed Casualities","2018","Meath","Number","7"
"Killed Casualities","2018","Offaly","Number","2"
"Killed Casualities","2018","Westmeath","Number","5"
"Killed Casualities","2018","Wexford","Number","3"
"Killed Casualities","2018","Wicklow","Number","5"
"Killed Casualities","2018","Clare","Number","6"
"Killed Casualities","2018","Cork","Number","15"
"Killed Casualities","2018","Kerry","Number","3"
"Killed Casualities","2018","Limerick","Number","9"
"Killed Casualities","2018","Tipperary","Number","10"
"Killed Casualities","2018","Waterford","Number","3"
"Killed Casualities","2018","Galway","Number","7"
"Killed Casualities","2018","Leitrim","Number","1"
"Killed Casualities","2018","Mayo","Number","9"
"Killed Casualities","2018","Roscommon","Number","2"
"Killed Casualities","2018","Sligo","Number","1"
"Killed Casualities","2018","Cavan","Number","3"
"Killed Casualities","2018","Donegal","Number","10"
"Killed Casualities","2018","Monaghan","Number","2"
"Killed Casualities","2019","All Counties","Number","140"
"Killed Casualities","2019","Carlow","Number","2"
"Killed Casualities","2019","Dublin","Number","19"
"Killed Casualities","2019","Kildare","Number","4"
"Killed Casualities","2019","Kilkenny","Number","6"
"Killed Casualities","2019","Laois","Number","1"
"Killed Casualities","2019","Longford","Number","1"
"Killed Casualities","2019","Louth","Number","4"
"Killed Casualities","2019","Meath","Number","7"
"Killed Casualities","2019","Offaly","Number","5"
"Killed Casualities","2019","Westmeath","Number","3"
"Killed Casualities","2019","Wexford","Number","7"
"Killed Casualities","2019","Wicklow","Number","3"
"Killed Casualities","2019","Clare","Number","5"
"Killed Casualities","2019","Cork","Number","14"
"Killed Casualities","2019","Kerry","Number","6"
"Killed Casualities","2019","Limerick","Number","9"
"Killed Casualities","2019","Tipperary","Number","13"
"Killed Casualities","2019","Waterford","Number","3"
"Killed Casualities","2019","Galway","Number","7"
"Killed Casualities","2019","Leitrim","Number","1"
"Killed Casualities","2019","Mayo","Number","3"
"Killed Casualities","2019","Roscommon","Number","3"
"Killed Casualities","2019","Sligo","Number","1"
"Killed Casualities","2019","Cavan","Number","3"
"Killed Casualities","2019","Donegal","Number","8"
"Killed Casualities","2019","Monaghan","Number","2"
"Killed Casualities","2020","All Counties","Number","147"
"Killed Casualities","2020","Carlow","Number","3"
"Killed Casualities","2020","Dublin","Number","21"
"Killed Casualities","2020","Kildare","Number","4"
"Killed Casualities","2020","Kilkenny","Number","5"
"Killed Casualities","2020","Laois","Number","0"
"Killed Casualities","2020","Longford","Number","0"
"Killed Casualities","2020","Louth","Number","9"
"Killed Casualities","2020","Meath","Number","8"
"Killed Casualities","2020","Offaly","Number","4"
"Killed Casualities","2020","Westmeath","Number","4"
"Killed Casualities","2020","Wexford","Number","7"
"Killed Casualities","2020","Wicklow","Number","1"
"Killed Casualities","2020","Clare","Number","3"
"Killed Casualities","2020","Cork","Number","22"
"Killed Casualities","2020","Kerry","Number","9"
"Killed Casualities","2020","Limerick","Number","5"
"Killed Casualities","2020","Tipperary","Number","7"
"Killed Casualities","2020","Waterford","Number","2"
"Killed Casualities","2020","Galway","Number","5"
"Killed Casualities","2020","Leitrim","Number","1"
"Killed Casualities","2020","Mayo","Number","5"
"Killed Casualities","2020","Roscommon","Number","5"
"Killed Casualities","2020","Sligo","Number","2"
"Killed Casualities","2020","Cavan","Number","2"
"Killed Casualities","2020","Donegal","Number","10"
"Killed Casualities","2020","Monaghan","Number","3"
"Killed Casualities","2021","All Counties","Number","136"
"Killed Casualities","2021","Carlow","Number","0"
"Killed Casualities","2021","Dublin","Number","21"
"Killed Casualities","2021","Kildare","Number","7"
"Killed Casualities","2021","Kilkenny","Number","2"
"Killed Casualities","2021","Laois","Number","2"
"Killed Casualities","2021","Longford","Number","3"
"Killed Casualities","2021","Louth","Number","7"
"Killed Casualities","2021","Meath","Number","14"
"Killed Casualities","2021","Offaly","Number","0"
"Killed Casualities","2021","Westmeath","Number","2"
"Killed Casualities","2021","Wexford","Number","7"
"Killed Casualities","2021","Wicklow","Number","1"
"Killed Casualities","2021","Clare","Number","2"
"Killed Casualities","2021","Cork","Number","8"
"Killed Casualities","2021","Kerry","Number","6"
"Killed Casualities","2021","Limerick","Number","6"
"Killed Casualities","2021","Tipperary","Number","10"
"Killed Casualities","2021","Waterford","Number","1"
"Killed Casualities","2021","Galway","Number","12"
"Killed Casualities","2021","Leitrim","Number","0"
"Killed Casualities","2021","Mayo","Number","5"
"Killed Casualities","2021","Roscommon","Number","2"
"Killed Casualities","2021","Sligo","Number","1"
"Killed Casualities","2021","Cavan","Number","5"
"Killed Casualities","2021","Donegal","Number","7"
"Killed Casualities","2021","Monaghan","Number","5"
"Killed Casualities","2022","All Counties","Number","153"
"Killed Casualities","2022","Carlow","Number","0"
"Killed Casualities","2022","Dublin","Number","13"
"Killed Casualities","2022","Kildare","Number","4"
"Killed Casualities","2022","Kilkenny","Number","9"
"Killed Casualities","2022","Laois","Number","3"
"Killed Casualities","2022","Longford","Number","2"
"Killed Casualities","2022","Louth","Number","8"
"Killed Casualities","2022","Meath","Number","7"
"Killed Casualities","2022","Offaly","Number","4"
"Killed Casualities","2022","Westmeath","Number","3"
"Killed Casualities","2022","Wexford","Number","9"
"Killed Casualities","2022","Wicklow","Number","2"
"Killed Casualities","2022","Clare","Number","7"
"Killed Casualities","2022","Cork","Number","13"
"Killed Casualities","2022","Kerry","Number","7"
"Killed Casualities","2022","Limerick","Number","10"
"Killed Casualities","2022","Tipperary","Number","7"
"Killed Casualities","2022","Waterford","Number","3"
"Killed Casualities","2022","Galway","Number","6"
"Killed Casualities","2022","Leitrim","Number","2"
"Killed Casualities","2022","Mayo","Number","5"
"Killed Casualities","2022","Roscommon","Number","4"
"Killed Casualities","2022","Sligo","Number","6"
"Killed Casualities","2022","Cavan","Number","5"
"Killed Casualities","2022","Donegal","Number","8"
"Killed Casualities","2022","Monaghan","Number","6"
"Injured Casualites","2013","All Counties","Number","6880"
"Injured Casualites","2013","Carlow","Number","89"
"Injured Casualites","2013","Dublin","Number","1410"
"Injured Casualites","2013","Kildare","Number","337"
"Injured Casualites","2013","Kilkenny","Number","119"
"Injured Casualites","2013","Laois","Number","95"
"Injured Casualites","2013","Longford","Number","86"
"Injured Casualites","2013","Louth","Number","294"
"Injured Casualites","2013","Meath","Number","227"
"Injured Casualites","2013","Offaly","Number","135"
"Injured Casualites","2013","Westmeath","Number","105"
"Injured Casualites","2013","Wexford","Number","201"
"Injured Casualites","2013","Wicklow","Number","183"
"Injured Casualites","2013","Clare","Number","182"
"Injured Casualites","2013","Cork","Number","707"
"Injured Casualites","2013","Kerry","Number","250"
"Injured Casualites","2013","Limerick","Number","401"
"Injured Casualites","2013","Tipperary","Number","248"
"Injured Casualites","2013","Waterford","Number","195"
"Injured Casualites","2013","Galway","Number","467"
"Injured Casualites","2013","Leitrim","Number","40"
"Injured Casualites","2013","Mayo","Number","216"
"Injured Casualites","2013","Roscommon","Number","119"
"Injured Casualites","2013","Sligo","Number","149"
"Injured Casualites","2013","Cavan","Number","163"
"Injured Casualites","2013","Donegal","Number","355"
"Injured Casualites","2013","Monaghan","Number","107"
"Injured Casualites","2014","All Counties","Number","8079"
"Injured Casualites","2014","Carlow","Number","103"
"Injured Casualites","2014","Dublin","Number","2125"
"Injured Casualites","2014","Kildare","Number","335"
"Injured Casualites","2014","Kilkenny","Number","137"
"Injured Casualites","2014","Laois","Number","150"
"Injured Casualites","2014","Longford","Number","102"
"Injured Casualites","2014","Louth","Number","318"
"Injured Casualites","2014","Meath","Number","330"
"Injured Casualites","2014","Offaly","Number","107"
"Injured Casualites","2014","Westmeath","Number","161"
"Injured Casualites","2014","Wexford","Number","225"
"Injured Casualites","2014","Wicklow","Number","202"
"Injured Casualites","2014","Clare","Number","173"
"Injured Casualites","2014","Cork","Number","816"
"Injured Casualites","2014","Kerry","Number","347"
"Injured Casualites","2014","Limerick","Number","400"
"Injured Casualites","2014","Tipperary","Number","266"
"Injured Casualites","2014","Waterford","Number","165"
"Injured Casualites","2014","Galway","Number","515"
"Injured Casualites","2014","Leitrim","Number","56"
"Injured Casualites","2014","Mayo","Number","216"
"Injured Casualites","2014","Roscommon","Number","141"
"Injured Casualites","2014","Sligo","Number","100"
"Injured Casualites","2014","Cavan","Number","166"
"Injured Casualites","2014","Donegal","Number","310"
"Injured Casualites","2014","Monaghan","Number","113"
"Injured Casualites","2015","All Counties","Number","7840"
"Injured Casualites","2015","Carlow","Number","95"
"Injured Casualites","2015","Dublin","Number","2143"
"Injured Casualites","2015","Kildare","Number","343"
"Injured Casualites","2015","Kilkenny","Number","166"
"Injured Casualites","2015","Laois","Number","96"
"Injured Casualites","2015","Longford","Number","136"
"Injured Casualites","2015","Louth","Number","245"
"Injured Casualites","2015","Meath","Number","303"
"Injured Casualites","2015","Offaly","Number","94"
"Injured Casualites","2015","Westmeath","Number","160"
"Injured Casualites","2015","Wexford","Number","234"
"Injured Casualites","2015","Wicklow","Number","191"
"Injured Casualites","2015","Clare","Number","158"
"Injured Casualites","2015","Cork","Number","717"
"Injured Casualites","2015","Kerry","Number","279"
"Injured Casualites","2015","Limerick","Number","355"
"Injured Casualites","2015","Tipperary","Number","237"
"Injured Casualites","2015","Waterford","Number","228"
"Injured Casualites","2015","Galway","Number","479"
"Injured Casualites","2015","Leitrim","Number","86"
"Injured Casualites","2015","Mayo","Number","227"
"Injured Casualites","2015","Roscommon","Number","114"
"Injured Casualites","2015","Sligo","Number","124"
"Injured Casualites","2015","Cavan","Number","168"
"Injured Casualites","2015","Donegal","Number","318"
"Injured Casualites","2015","Monaghan","Number","144"
"Injured Casualites","2016","All Counties","Number","7710"
"Injured Casualites","2016","Carlow","Number","85"
"Injured Casualites","2016","Dublin","Number","2210"
"Injured Casualites","2016","Kildare","Number","388"
"Injured Casualites","2016","Kilkenny","Number","162"
"Injured Casualites","2016","Laois","Number","105"
"Injured Casualites","2016","Longford","Number","112"
"Injured Casualites","2016","Louth","Number","231"
"Injured Casualites","2016","Meath","Number","282"
"Injured Casualites","2016","Offaly","Number","116"
"Injured Casualites","2016","Westmeath","Number","166"
"Injured Casualites","2016","Wexford","Number","218"
"Injured Casualites","2016","Wicklow","Number","179"
"Injured Casualites","2016","Clare","Number","158"
"Injured Casualites","2016","Cork","Number","694"
"Injured Casualites","2016","Kerry","Number","272"
"Injured Casualites","2016","Limerick","Number","350"
"Injured Casualites","2016","Tipperary","Number","234"
"Injured Casualites","2016","Waterford","Number","192"
"Injured Casualites","2016","Galway","Number","418"
"Injured Casualites","2016","Leitrim","Number","89"
"Injured Casualites","2016","Mayo","Number","207"
"Injured Casualites","2016","Roscommon","Number","142"
"Injured Casualites","2016","Sligo","Number","99"
"Injured Casualites","2016","Cavan","Number","179"
"Injured Casualites","2016","Donegal","Number","311"
"Injured Casualites","2016","Monaghan","Number","111"
"Injured Casualites","2017","All Counties","Number","7778"
"Injured Casualites","2017","Carlow","Number","77"
"Injured Casualites","2017","Dublin","Number","2258"
"Injured Casualites","2017","Kildare","Number","339"
"Injured Casualites","2017","Kilkenny","Number","137"
"Injured Casualites","2017","Laois","Number","169"
"Injured Casualites","2017","Longford","Number","83"
"Injured Casualites","2017","Louth","Number","306"
"Injured Casualites","2017","Meath","Number","267"
"Injured Casualites","2017","Offaly","Number","150"
"Injured Casualites","2017","Westmeath","Number","145"
"Injured Casualites","2017","Wexford","Number","231"
"Injured Casualites","2017","Wicklow","Number","213"
"Injured Casualites","2017","Clare","Number","191"
"Injured Casualites","2017","Cork","Number","770"
"Injured Casualites","2017","Kerry","Number","276"
"Injured Casualites","2017","Limerick","Number","346"
"Injured Casualites","2017","Tipperary","Number","229"
"Injured Casualites","2017","Waterford","Number","162"
"Injured Casualites","2017","Galway","Number","365"
"Injured Casualites","2017","Leitrim","Number","50"
"Injured Casualites","2017","Mayo","Number","192"
"Injured Casualites","2017","Roscommon","Number","136"
"Injured Casualites","2017","Sligo","Number","123"
"Injured Casualites","2017","Cavan","Number","152"
"Injured Casualites","2017","Donegal","Number","319"
"Injured Casualites","2017","Monaghan","Number","92"
"Injured Casualites","2018","All Counties","Number","8011"
"Injured Casualites","2018","Carlow","Number","56"
"Injured Casualites","2018","Dublin","Number","2345"
"Injured Casualites","2018","Kildare","Number","396"
"Injured Casualites","2018","Kilkenny","Number","122"
"Injured Casualites","2018","Laois","Number","159"
"Injured Casualites","2018","Longford","Number","80"
"Injured Casualites","2018","Louth","Number","247"
"Injured Casualites","2018","Meath","Number","250"
"Injured Casualites","2018","Offaly","Number","145"
"Injured Casualites","2018","Westmeath","Number","130"
"Injured Casualites","2018","Wexford","Number","235"
"Injured Casualites","2018","Wicklow","Number","159"
"Injured Casualites","2018","Clare","Number","133"
"Injured Casualites","2018","Cork","Number","861"
"Injured Casualites","2018","Kerry","Number","324"
"Injured Casualites","2018","Limerick","Number","408"
"Injured Casualites","2018","Tipperary","Number","251"
"Injured Casualites","2018","Waterford","Number","219"
"Injured Casualites","2018","Galway","Number","401"
"Injured Casualites","2018","Leitrim","Number","51"
"Injured Casualites","2018","Mayo","Number","211"
"Injured Casualites","2018","Roscommon","Number","109"
"Injured Casualites","2018","Sligo","Number","108"
"Injured Casualites","2018","Cavan","Number","157"
"Injured Casualites","2018","Donegal","Number","361"
"Injured Casualites","2018","Monaghan","Number","93"
"Injured Casualites","2019","All Counties","Number","7579"
"Injured Casualites","2019","Carlow","Number","99"
"Injured Casualites","2019","Dublin","Number","2338"
"Injured Casualites","2019","Kildare","Number","314"
"Injured Casualites","2019","Kilkenny","Number","89"
"Injured Casualites","2019","Laois","Number","95"
"Injured Casualites","2019","Longford","Number","84"
"Injured Casualites","2019","Louth","Number","251"
"Injured Casualites","2019","Meath","Number","236"
"Injured Casualites","2019","Offaly","Number","132"
"Injured Casualites","2019","Westmeath","Number","130"
"Injured Casualites","2019","Wexford","Number","252"
"Injured Casualites","2019","Wicklow","Number","209"
"Injured Casualites","2019","Clare","Number","151"
"Injured Casualites","2019","Cork","Number","748"
"Injured Casualites","2019","Kerry","Number","251"
"Injured Casualites","2019","Limerick","Number","351"
"Injured Casualites","2019","Tipperary","Number","236"
"Injured Casualites","2019","Waterford","Number","225"
"Injured Casualites","2019","Galway","Number","410"
"Injured Casualites","2019","Leitrim","Number","44"
"Injured Casualites","2019","Mayo","Number","204"
"Injured Casualites","2019","Roscommon","Number","86"
"Injured Casualites","2019","Sligo","Number","107"
"Injured Casualites","2019","Cavan","Number","129"
"Injured Casualites","2019","Donegal","Number","287"
"Injured Casualites","2019","Monaghan","Number","121"
"Injured Casualites","2020","All Counties","Number","5596"
"Injured Casualites","2020","Carlow","Number","68"
"Injured Casualites","2020","Dublin","Number","1616"
"Injured Casualites","2020","Kildare","Number","225"
"Injured Casualites","2020","Kilkenny","Number","80"
"Injured Casualites","2020","Laois","Number","119"
"Injured Casualites","2020","Longford","Number","78"
"Injured Casualites","2020","Louth","Number","196"
"Injured Casualites","2020","Meath","Number","220"
"Injured Casualites","2020","Offaly","Number","79"
"Injured Casualites","2020","Westmeath","Number","99"
"Injured Casualites","2020","Wexford","Number","178"
"Injured Casualites","2020","Wicklow","Number","126"
"Injured Casualites","2020","Clare","Number","116"
"Injured Casualites","2020","Cork","Number","571"
"Injured Casualites","2020","Kerry","Number","188"
"Injured Casualites","2020","Limerick","Number","251"
"Injured Casualites","2020","Tipperary","Number","192"
"Injured Casualites","2020","Waterford","Number","137"
"Injured Casualites","2020","Galway","Number","312"
"Injured Casualites","2020","Leitrim","Number","46"
"Injured Casualites","2020","Mayo","Number","143"
"Injured Casualites","2020","Roscommon","Number","82"
"Injured Casualites","2020","Sligo","Number","84"
"Injured Casualites","2020","Cavan","Number","105"
"Injured Casualites","2020","Donegal","Number","211"
"Injured Casualites","2020","Monaghan","Number","74"
"Injured Casualites","2021","All Counties","Number","6196"
"Injured Casualites","2021","Carlow","Number","77"
"Injured Casualites","2021","Dublin","Number","1788"
"Injured Casualites","2021","Kildare","Number","259"
"Injured Casualites","2021","Kilkenny","Number","122"
"Injured Casualites","2021","Laois","Number","92"
"Injured Casualites","2021","Longford","Number","75"
"Injured Casualites","2021","Louth","Number","218"
"Injured Casualites","2021","Meath","Number","252"
"Injured Casualites","2021","Offaly","Number","127"
"Injured Casualites","2021","Westmeath","Number","115"
"Injured Casualites","2021","Wexford","Number","177"
"Injured Casualites","2021","Wicklow","Number","189"
"Injured Casualites","2021","Clare","Number","123"
"Injured Casualites","2021","Cork","Number","583"
"Injured Casualites","2021","Kerry","Number","224"
"Injured Casualites","2021","Limerick","Number","270"
"Injured Casualites","2021","Tipperary","Number","189"
"Injured Casualites","2021","Waterford","Number","170"
"Injured Casualites","2021","Galway","Number","331"
"Injured Casualites","2021","Leitrim","Number","26"
"Injured Casualites","2021","Mayo","Number","175"
"Injured Casualites","2021","Roscommon","Number","77"
"Injured Casualites","2021","Sligo","Number","78"
"Injured Casualites","2021","Cavan","Number","130"
"Injured Casualites","2021","Donegal","Number","222"
"Injured Casualites","2021","Monaghan","Number","107"
"Injured Casualites","2022","All Counties","Number","7358"
"Injured Casualites","2022","Carlow","Number","113"
"Injured Casualites","2022","Dublin","Number","1971"
"Injured Casualites","2022","Kildare","Number","326"
"Injured Casualites","2022","Kilkenny","Number","157"
"Injured Casualites","2022","Laois","Number","130"
"Injured Casualites","2022","Longford","Number","92"
"Injured Casualites","2022","Louth","Number","271"
"Injured Casualites","2022","Meath","Number","320"
"Injured Casualites","2022","Offaly","Number","126"
"Injured Casualites","2022","Westmeath","Number","109"
"Injured Casualites","2022","Wexford","Number","235"
"Injured Casualites","2022","Wicklow","Number","143"
"Injured Casualites","2022","Clare","Number","160"
"Injured Casualites","2022","Cork","Number","772"
"Injured Casualites","2022","Kerry","Number","267"
"Injured Casualites","2022","Limerick","Number","379"
"Injured Casualites","2022","Tipperary","Number","226"
"Injured Casualites","2022","Waterford","Number","186"
"Injured Casualites","2022","Galway","Number","374"
"Injured Casualites","2022","Leitrim","Number","43"
"Injured Casualites","2022","Mayo","Number","212"
"Injured Casualites","2022","Roscommon","Number","87"
"Injured Casualites","2022","Sligo","Number","117"
"Injured Casualites","2022","Cavan","Number","133"
"Injured Casualites","2022","Donegal","Number","293"
"Injured Casualites","2022","Monaghan","Number","116"
"All Killed and Injured Casualities","2013","All Counties","Number","7068"
"All Killed and Injured Casualities","2013","Carlow","Number","91"
"All Killed and Injured Casualities","2013","Dublin","Number","1429"
"All Killed and Injured Casualities","2013","Kildare","Number","352"
"All Killed and Injured Casualities","2013","Kilkenny","Number","123"
"All Killed and Injured Casualities","2013","Laois","Number","97"
"All Killed and Injured Casualities","2013","Longford","Number","88"
"All Killed and Injured Casualities","2013","Louth","Number","298"
"All Killed and Injured Casualities","2013","Meath","Number","236"
"All Killed and Injured Casualities","2013","Offaly","Number","140"
"All Killed and Injured Casualities","2013","Westmeath","Number","110"
"All Killed and Injured Casualities","2013","Wexford","Number","208"
"All Killed and Injured Casualities","2013","Wicklow","Number","189"
"All Killed and Injured Casualities","2013","Clare","Number","184"
"All Killed and Injured Casualities","2013","Cork","Number","725"
"All Killed and Injured Casualities","2013","Kerry","Number","264"
"All Killed and Injured Casualities","2013","Limerick","Number","407"
"All Killed and Injured Casualities","2013","Tipperary","Number","260"
"All Killed and Injured Casualities","2013","Waterford","Number","197"
"All Killed and Injured Casualities","2013","Galway","Number","480"
"All Killed and Injured Casualities","2013","Leitrim","Number","42"
"All Killed and Injured Casualities","2013","Mayo","Number","222"
"All Killed and Injured Casualities","2013","Roscommon","Number","123"
"All Killed and Injured Casualities","2013","Sligo","Number","154"
"All Killed and Injured Casualities","2013","Cavan","Number","166"
"All Killed and Injured Casualities","2013","Donegal","Number","368"
"All Killed and Injured Casualities","2013","Monaghan","Number","115"
"All Killed and Injured Casualities","2014","All Counties","Number","8272"
"All Killed and Injured Casualities","2014","Carlow","Number","108"
"All Killed and Injured Casualities","2014","Dublin","Number","2154"
"All Killed and Injured Casualities","2014","Kildare","Number","339"
"All Killed and Injured Casualities","2014","Kilkenny","Number","140"
"All Killed and Injured Casualities","2014","Laois","Number","157"
"All Killed and Injured Casualities","2014","Longford","Number","106"
"All Killed and Injured Casualities","2014","Louth","Number","324"
"All Killed and Injured Casualities","2014","Meath","Number","335"
"All Killed and Injured Casualities","2014","Offaly","Number","109"
"All Killed and Injured Casualities","2014","Westmeath","Number","167"
"All Killed and Injured Casualities","2014","Wexford","Number","229"
"All Killed and Injured Casualities","2014","Wicklow","Number","209"
"All Killed and Injured Casualities","2014","Clare","Number","178"
"All Killed and Injured Casualities","2014","Cork","Number","835"
"All Killed and Injured Casualities","2014","Kerry","Number","361"
"All Killed and Injured Casualities","2014","Limerick","Number","410"
"All Killed and Injured Casualities","2014","Tipperary","Number","280"
"All Killed and Injured Casualities","2014","Waterford","Number","171"
"All Killed and Injured Casualities","2014","Galway","Number","520"
"All Killed and Injured Casualities","2014","Leitrim","Number","57"
"All Killed and Injured Casualities","2014","Mayo","Number","228"
"All Killed and Injured Casualities","2014","Roscommon","Number","147"
"All Killed and Injured Casualities","2014","Sligo","Number","101"
"All Killed and Injured Casualities","2014","Cavan","Number","167"
"All Killed and Injured Casualities","2014","Donegal","Number","319"
"All Killed and Injured Casualities","2014","Monaghan","Number","121"
"All Killed and Injured Casualities","2015","All Counties","Number","8002"
"All Killed and Injured Casualities","2015","Carlow","Number","99"
"All Killed and Injured Casualities","2015","Dublin","Number","2160"
"All Killed and Injured Casualities","2015","Kildare","Number","352"
"All Killed and Injured Casualities","2015","Kilkenny","Number","168"
"All Killed and Injured Casualities","2015","Laois","Number","100"
"All Killed and Injured Casualities","2015","Longford","Number","141"
"All Killed and Injured Casualities","2015","Louth","Number","251"
"All Killed and Injured Casualities","2015","Meath","Number","311"
"All Killed and Injured Casualities","2015","Offaly","Number","98"
"All Killed and Injured Casualities","2015","Westmeath","Number","165"
"All Killed and Injured Casualities","2015","Wexford","Number","241"
"All Killed and Injured Casualities","2015","Wicklow","Number","199"
"All Killed and Injured Casualities","2015","Clare","Number","160"
"All Killed and Injured Casualities","2015","Cork","Number","732"
"All Killed and Injured Casualities","2015","Kerry","Number","287"
"All Killed and Injured Casualities","2015","Limerick","Number","359"
"All Killed and Injured Casualities","2015","Tipperary","Number","241"
"All Killed and Injured Casualities","2015","Waterford","Number","228"
"All Killed and Injured Casualities","2015","Galway","Number","491"
"All Killed and Injured Casualities","2015","Leitrim","Number","89"
"All Killed and Injured Casualities","2015","Mayo","Number","240"
"All Killed and Injured Casualities","2015","Roscommon","Number","115"
"All Killed and Injured Casualities","2015","Sligo","Number","126"
"All Killed and Injured Casualities","2015","Cavan","Number","172"
"All Killed and Injured Casualities","2015","Donegal","Number","329"
"All Killed and Injured Casualities","2015","Monaghan","Number","148"
"All Killed and Injured Casualities","2016","All Counties","Number","7896"
"All Killed and Injured Casualities","2016","Carlow","Number","85"
"All Killed and Injured Casualities","2016","Dublin","Number","2231"
"All Killed and Injured Casualities","2016","Kildare","Number","395"
"All Killed and Injured Casualities","2016","Kilkenny","Number","168"
"All Killed and Injured Casualities","2016","Laois","Number","108"
"All Killed and Injured Casualities","2016","Longford","Number","115"
"All Killed and Injured Casualities","2016","Louth","Number","238"
"All Killed and Injured Casualities","2016","Meath","Number","294"
"All Killed and Injured Casualities","2016","Offaly","Number","120"
"All Killed and Injured Casualities","2016","Westmeath","Number","170"
"All Killed and Injured Casualities","2016","Wexford","Number","222"
"All Killed and Injured Casualities","2016","Wicklow","Number","181"
"All Killed and Injured Casualities","2016","Clare","Number","162"
"All Killed and Injured Casualities","2016","Cork","Number","715"
"All Killed and Injured Casualities","2016","Kerry","Number","279"
"All Killed and Injured Casualities","2016","Limerick","Number","367"
"All Killed and Injured Casualities","2016","Tipperary","Number","247"
"All Killed and Injured Casualities","2016","Waterford","Number","201"
"All Killed and Injured Casualities","2016","Galway","Number","428"
"All Killed and Injured Casualities","2016","Leitrim","Number","90"
"All Killed and Injured Casualities","2016","Mayo","Number","211"
"All Killed and Injured Casualities","2016","Roscommon","Number","149"
"All Killed and Injured Casualities","2016","Sligo","Number","101"
"All Killed and Injured Casualities","2016","Cavan","Number","182"
"All Killed and Injured Casualities","2016","Donegal","Number","321"
"All Killed and Injured Casualities","2016","Monaghan","Number","116"
"All Killed and Injured Casualities","2017","All Counties","Number","7934"
"All Killed and Injured Casualities","2017","Carlow","Number","80"
"All Killed and Injured Casualities","2017","Dublin","Number","2282"
"All Killed and Injured Casualities","2017","Kildare","Number","345"
"All Killed and Injured Casualities","2017","Kilkenny","Number","142"
"All Killed and Injured Casualities","2017","Laois","Number","171"
"All Killed and Injured Casualities","2017","Longford","Number","85"
"All Killed and Injured Casualities","2017","Louth","Number","316"
"All Killed and Injured Casualities","2017","Meath","Number","275"
"All Killed and Injured Casualities","2017","Offaly","Number","152"
"All Killed and Injured Casualities","2017","Westmeath","Number","146"
"All Killed and Injured Casualities","2017","Wexford","Number","238"
"All Killed and Injured Casualities","2017","Wicklow","Number","215"
"All Killed and Injured Casualities","2017","Clare","Number","195"
"All Killed and Injured Casualities","2017","Cork","Number","784"
"All Killed and Injured Casualities","2017","Kerry","Number","283"
"All Killed and Injured Casualities","2017","Limerick","Number","353"
"All Killed and Injured Casualities","2017","Tipperary","Number","237"
"All Killed and Injured Casualities","2017","Waterford","Number","166"
"All Killed and Injured Casualities","2017","Galway","Number","370"
"All Killed and Injured Casualities","2017","Leitrim","Number","51"
"All Killed and Injured Casualities","2017","Mayo","Number","204"
"All Killed and Injured Casualities","2017","Roscommon","Number","140"
"All Killed and Injured Casualities","2017","Sligo","Number","125"
"All Killed and Injured Casualities","2017","Cavan","Number","154"
"All Killed and Injured Casualities","2017","Donegal","Number","325"
"All Killed and Injured Casualities","2017","Monaghan","Number","100"
"All Killed and Injured Casualities","2018","All Counties","Number","8150"
"All Killed and Injured Casualities","2018","Carlow","Number","58"
"All Killed and Injured Casualities","2018","Dublin","Number","2359"
"All Killed and Injured Casualities","2018","Kildare","Number","400"
"All Killed and Injured Casualities","2018","Kilkenny","Number","124"
"All Killed and Injured Casualities","2018","Laois","Number","164"
"All Killed and Injured Casualities","2018","Longford","Number","83"
"All Killed and Injured Casualities","2018","Louth","Number","253"
"All Killed and Injured Casualities","2018","Meath","Number","257"
"All Killed and Injured Casualities","2018","Offaly","Number","147"
"All Killed and Injured Casualities","2018","Westmeath","Number","135"
"All Killed and Injured Casualities","2018","Wexford","Number","238"
"All Killed and Injured Casualities","2018","Wicklow","Number","164"
"All Killed and Injured Casualities","2018","Clare","Number","139"
"All Killed and Injured Casualities","2018","Cork","Number","876"
"All Killed and Injured Casualities","2018","Kerry","Number","327"
"All Killed and Injured Casualities","2018","Limerick","Number","417"
"All Killed and Injured Casualities","2018","Tipperary","Number","261"
"All Killed and Injured Casualities","2018","Waterford","Number","222"
"All Killed and Injured Casualities","2018","Galway","Number","408"
"All Killed and Injured Casualities","2018","Leitrim","Number","52"
"All Killed and Injured Casualities","2018","Mayo","Number","220"
"All Killed and Injured Casualities","2018","Roscommon","Number","111"
"All Killed and Injured Casualities","2018","Sligo","Number","109"
"All Killed and Injured Casualities","2018","Cavan","Number","160"
"All Killed and Injured Casualities","2018","Donegal","Number","371"
"All Killed and Injured Casualities","2018","Monaghan","Number","95"
"All Killed and Injured Casualities","2019","All Counties","Number","7719"
"All Killed and Injured Casualities","2019","Carlow","Number","101"
"All Killed and Injured Casualities","2019","Dublin","Number","2357"
"All Killed and Injured Casualities","2019","Kildare","Number","318"
"All Killed and Injured Casualities","2019","Kilkenny","Number","95"
"All Killed and Injured Casualities","2019","Laois","Number","96"
"All Killed and Injured Casualities","2019","Longford","Number","85"
"All Killed and Injured Casualities","2019","Louth","Number","255"
"All Killed and Injured Casualities","2019","Meath","Number","243"
"All Killed and Injured Casualities","2019","Offaly","Number","137"
"All Killed and Injured Casualities","2019","Westmeath","Number","133"
"All Killed and Injured Casualities","2019","Wexford","Number","259"
"All Killed and Injured Casualities","2019","Wicklow","Number","212"
"All Killed and Injured Casualities","2019","Clare","Number","156"
"All Killed and Injured Casualities","2019","Cork","Number","762"
"All Killed and Injured Casualities","2019","Kerry","Number","257"
"All Killed and Injured Casualities","2019","Limerick","Number","360"
"All Killed and Injured Casualities","2019","Tipperary","Number","249"
"All Killed and Injured Casualities","2019","Waterford","Number","228"
"All Killed and Injured Casualities","2019","Galway","Number","417"
"All Killed and Injured Casualities","2019","Leitrim","Number","45"
"All Killed and Injured Casualities","2019","Mayo","Number","207"
"All Killed and Injured Casualities","2019","Roscommon","Number","89"
"All Killed and Injured Casualities","2019","Sligo","Number","108"
"All Killed and Injured Casualities","2019","Cavan","Number","132"
"All Killed and Injured Casualities","2019","Donegal","Number","295"
"All Killed and Injured Casualities","2019","Monaghan","Number","123"
"All Killed and Injured Casualities","2020","All Counties","Number","5743"
"All Killed and Injured Casualities","2020","Carlow","Number","71"
"All Killed and Injured Casualities","2020","Dublin","Number","1637"
"All Killed and Injured Casualities","2020","Kildare","Number","229"
"All Killed and Injured Casualities","2020","Kilkenny","Number","85"
"All Killed and Injured Casualities","2020","Laois","Number","119"
"All Killed and Injured Casualities","2020","Longford","Number","78"
"All Killed and Injured Casualities","2020","Louth","Number","205"
"All Killed and Injured Casualities","2020","Meath","Number","228"
"All Killed and Injured Casualities","2020","Offaly","Number","83"
"All Killed and Injured Casualities","2020","Westmeath","Number","103"
"All Killed and Injured Casualities","2020","Wexford","Number","185"
"All Killed and Injured Casualities","2020","Wicklow","Number","127"
"All Killed and Injured Casualities","2020","Clare","Number","119"
"All Killed and Injured Casualities","2020","Cork","Number","593"
"All Killed and Injured Casualities","2020","Kerry","Number","197"
"All Killed and Injured Casualities","2020","Limerick","Number","256"
"All Killed and Injured Casualities","2020","Tipperary","Number","199"
"All Killed and Injured Casualities","2020","Waterford","Number","139"
"All Killed and Injured Casualities","2020","Galway","Number","317"
"All Killed and Injured Casualities","2020","Leitrim","Number","47"
"All Killed and Injured Casualities","2020","Mayo","Number","148"
"All Killed and Injured Casualities","2020","Roscommon","Number","87"
"All Killed and Injured Casualities","2020","Sligo","Number","86"
"All Killed and Injured Casualities","2020","Cavan","Number","107"
"All Killed and Injured Casualities","2020","Donegal","Number","221"
"All Killed and Injured Casualities","2020","Monaghan","Number","77"
"All Killed and Injured Casualities","2021","All Counties","Number","6332"
"All Killed and Injured Casualities","2021","Carlow","Number","77"
"All Killed and Injured Casualities","2021","Dublin","Number","1809"
"All Killed and Injured Casualities","2021","Kildare","Number","266"
"All Killed and Injured Casualities","2021","Kilkenny","Number","124"
"All Killed and Injured Casualities","2021","Laois","Number","94"
"All Killed and Injured Casualities","2021","Longford","Number","78"
"All Killed and Injured Casualities","2021","Louth","Number","225"
"All Killed and Injured Casualities","2021","Meath","Number","266"
"All Killed and Injured Casualities","2021","Offaly","Number","127"
"All Killed and Injured Casualities","2021","Westmeath","Number","117"
"All Killed and Injured Casualities","2021","Wexford","Number","184"
"All Killed and Injured Casualities","2021","Wicklow","Number","190"
"All Killed and Injured Casualities","2021","Clare","Number","125"
"All Killed and Injured Casualities","2021","Cork","Number","591"
"All Killed and Injured Casualities","2021","Kerry","Number","230"
"All Killed and Injured Casualities","2021","Limerick","Number","276"
"All Killed and Injured Casualities","2021","Tipperary","Number","199"
"All Killed and Injured Casualities","2021","Waterford","Number","171"
"All Killed and Injured Casualities","2021","Galway","Number","343"
"All Killed and Injured Casualities","2021","Leitrim","Number","26"
"All Killed and Injured Casualities","2021","Mayo","Number","180"
"All Killed and Injured Casualities","2021","Roscommon","Number","79"
"All Killed and Injured Casualities","2021","Sligo","Number","79"
"All Killed and Injured Casualities","2021","Cavan","Number","135"
"All Killed and Injured Casualities","2021","Donegal","Number","229"
"All Killed and Injured Casualities","2021","Monaghan","Number","112"
"All Killed and Injured Casualities","2022","All Counties","Number","7511"
"All Killed and Injured Casualities","2022","Carlow","Number","113"
"All Killed and Injured Casualities","2022","Dublin","Number","1984"
"All Killed and Injured Casualities","2022","Kildare","Number","330"
"All Killed and Injured Casualities","2022","Kilkenny","Number","166"
"All Killed and Injured Casualities","2022","Laois","Number","133"
"All Killed and Injured Casualities","2022","Longford","Number","94"
"All Killed and Injured Casualities","2022","Louth","Number","279"
"All Killed and Injured Casualities","2022","Meath","Number","327"
"All Killed and Injured Casualities","2022","Offaly","Number","130"
"All Killed and Injured Casualities","2022","Westmeath","Number","112"
"All Killed and Injured Casualities","2022","Wexford","Number","244"
"All Killed and Injured Casualities","2022","Wicklow","Number","145"
"All Killed and Injured Casualities","2022","Clare","Number","167"
"All Killed and Injured Casualities","2022","Cork","Number","785"
"All Killed and Injured Casualities","2022","Kerry","Number","274"
"All Killed and Injured Casualities","2022","Limerick","Number","389"
"All Killed and Injured Casualities","2022","Tipperary","Number","233"
"All Killed and Injured Casualities","2022","Waterford","Number","189"
"All Killed and Injured Casualities","2022","Galway","Number","380"
"All Killed and Injured Casualities","2022","Leitrim","Number","45"
"All Killed and Injured Casualities","2022","Mayo","Number","217"
"All Killed and Injured Casualities","2022","Roscommon","Number","91"
"All Killed and Injured Casualities","2022","Sligo","Number","123"
"All Killed and Injured Casualities","2022","Cavan","Number","138"
"All Killed and Injured Casualities","2022","Donegal","Number","301"
"All Killed and Injured Casualities","2022","Monaghan","Number","122"
